head,relation,tail,head_type,tail_type,evidence,pattern_name,section_title,source_file,confidence,method
布隆过滤器,is_a,空间效率较高,具体数据结构实体,性质与规则实体,布隆过滤器是一种空间效率较高的概率型数据结构，用于判断元素是否存在于集合中，但存在一定的误判率,上下位关系,全文,data_structure.txt,0.862,rule_pattern_sentence_level
数组,is_a,顺序存储结构,具体数据结构实体,存储与组成相关实体,数组是一种顺序存储结构，其特点是支持随机访问，但插入和删除操作效率较低,上下位关系,全文,data_structure.txt,0.862,rule_pattern_sentence_level
链表,is_a,链式存储结构,具体数据结构实体,存储与组成相关实体,链表是一种链式存储结构，每个节点包含数据域和指针域，适合频繁插入和删除的场景,上下位关系,全文,data_structure.txt,0.862,rule_pattern_sentence_level
队列,is_a,先进先出,具体数据结构实体,性质与规则实体,队列是一种先进先出（FIFO）的数据结构，常用于任务调度和缓冲区管理,上下位关系,全文,data_structure.txt,0.862,rule_pattern_sentence_level
优先队列,implemented_by,广度优先搜索,具体数据结构实体,算法与操作实体,例如，栈用于括号匹配问题，队列用于广度优先搜索，堆用于实现优先队列，图用于建模网络关系，哈希表用于缓存系统,实现关系,全文,data_structure.txt,0.854,rule_pattern_sentence_level
哈希表,is_a,哈希函数,具体数据结构实体,存储与组成相关实体,哈希表是一种基于哈希函数的数据结构，用于实现高效的查找操作,上下位关系,全文,data_structure.txt,0.85,rule_pattern_sentence_level
哈希表,used_for,缓存系统,具体数据结构实体,应用场景实体,例如，栈用于括号匹配问题，队列用于广度优先搜索，堆用于实现优先队列，图用于建模网络关系，哈希表用于缓存系统,用途关系,全文,data_structure.txt,0.848,rule_pattern_sentence_level
队列,used_for,广度优先搜索,具体数据结构实体,算法与操作实体,例如，栈用于括号匹配问题，队列用于广度优先搜索，堆用于实现优先队列，图用于建模网络关系，哈希表用于缓存系统,用途关系,全文,data_structure.txt,0.848,rule_pattern_sentence_level
查找,implemented_by,数据结构,算法与操作实体,领域实体,哈希表是一种基于哈希函数的数据结构，用于实现高效的查找操作,实现关系,全文,data_structure.txt,0.842,rule_pattern_sentence_level
哈希表,depends_on,哈希函数,具体数据结构实体,存储与组成相关实体,哈希表是一种基于哈希函数的数据结构，用于实现高效的查找操作,依赖关系,全文,data_structure.txt,0.84,rule_pattern_sentence_level
顺序存储结构,is_a,随机访问,存储与组成相关实体,算法与操作实体,数组是一种顺序存储结构，其特点是支持随机访问，但插入和删除操作效率较低,上下位关系,全文,data_structure.txt,0.838,rule_pattern_sentence_level
优先队列,used_for,建模网络关系,具体数据结构实体,应用场景实体,例如，栈用于括号匹配问题，队列用于广度优先搜索，堆用于实现优先队列，图用于建模网络关系，哈希表用于缓存系统,用途关系,全文,data_structure.txt,0.836,rule_pattern_sentence_level
数据结构,used_for,任务调度,领域实体,应用场景实体,队列是一种先进先出（FIFO）的数据结构，常用于任务调度和缓冲区管理,用途关系,全文,data_structure.txt,0.836,rule_pattern_sentence_level
数据结构,used_for,函数调用,领域实体,应用场景实体,栈是一种后进先出（LIFO）的数据结构，常用于函数调用和表达式求值,用途关系,全文,data_structure.txt,0.836,rule_pattern_sentence_level
队列,is_a,FIFO,具体数据结构实体,性质与规则实体,队列是一种先进先出（FIFO）的数据结构，常用于任务调度和缓冲区管理,上下位关系,全文,data_structure.txt,0.832,rule_pattern_sentence_level
括号匹配问题,used_for,广度优先搜索,应用场景实体,算法与操作实体,例如，栈用于括号匹配问题，队列用于广度优先搜索，堆用于实现优先队列，图用于建模网络关系，哈希表用于缓存系统,用途关系,全文,data_structure.txt,0.83,rule_pattern_sentence_level
广度优先搜索,used_for,优先队列,算法与操作实体,具体数据结构实体,例如，栈用于括号匹配问题，队列用于广度优先搜索，堆用于实现优先队列，图用于建模网络关系，哈希表用于缓存系统,用途关系,全文,data_structure.txt,0.824,rule_pattern_sentence_level
哈希表,is_a,数据结构,具体数据结构实体,领域实体,哈希表是一种基于哈希函数的数据结构，用于实现高效的查找操作,上下位关系,全文,data_structure.txt,0.82,rule_pattern_sentence_level
布隆过滤器,is_a,概率型数据结构,具体数据结构实体,性质与规则实体,布隆过滤器是一种空间效率较高的概率型数据结构，用于判断元素是否存在于集合中，但存在一定的误判率,上下位关系,全文,data_structure.txt,0.82,rule_pattern_sentence_level
线性结构,is_a,一对一关系,结构分类实体,性质与规则实体,线性结构是指数据元素之间存在一对一关系的结构，主要包括数组、链表、栈和队列,上下位关系,全文,data_structure.txt,0.82,rule_pattern_sentence_level
非线性结构,is_a,一对多关系,结构分类实体,性质与规则实体,非线性结构是指数据元素之间存在一对多关系的结构，主要包括树和图,上下位关系,全文,data_structure.txt,0.82,rule_pattern_sentence_level
最小堆,used_for,优先队列,具体数据结构实体,具体数据结构实体,堆是一种特殊的完全二叉树，分为最大堆和最小堆，常用于优先队列的实现,用途关系,全文,data_structure.txt,0.816,rule_pattern_sentence_level
数据结构,used_for,查找,领域实体,算法与操作实体,哈希表是一种基于哈希函数的数据结构，用于实现高效的查找操作,用途关系,全文,data_structure.txt,0.812,rule_pattern_sentence_level
最大堆,is_a,完全二叉树,具体数据结构实体,性质与规则实体,堆是一种特殊的完全二叉树，分为最大堆和最小堆，常用于优先队列的实现,上位包含关系,全文,data_structure.txt,0.812,rule_pattern_sentence_level
哈希表,depends_on,数据结构,具体数据结构实体,领域实体,哈希表是一种基于哈希函数的数据结构，用于实现高效的查找操作,依赖关系,全文,data_structure.txt,0.81,rule_pattern_sentence_level
二叉树,is_a,节点,具体数据结构实体,存储与组成相关实体,二叉树是一种特殊的树结构，每个节点最多有两个子节点,上下位关系,全文,data_structure.txt,0.808,rule_pattern_sentence_level
链表,is_a,节点,具体数据结构实体,存储与组成相关实体,链表是一种链式存储结构，每个节点包含数据域和指针域，适合频繁插入和删除的场景,上下位关系,全文,data_structure.txt,0.808,rule_pattern_sentence_level
数据结构,used_for,缓冲区管理,领域实体,应用场景实体,队列是一种先进先出（FIFO）的数据结构，常用于任务调度和缓冲区管理,用途关系,全文,data_structure.txt,0.806,rule_pattern_sentence_level
数据结构,used_for,表达式求值,领域实体,应用场景实体,栈是一种后进先出（LIFO）的数据结构，常用于函数调用和表达式求值,用途关系,全文,data_structure.txt,0.806,rule_pattern_sentence_level
建模网络关系,used_for,缓存系统,应用场景实体,应用场景实体,例如，栈用于括号匹配问题，队列用于广度优先搜索，堆用于实现优先队列，图用于建模网络关系，哈希表用于缓存系统,用途关系,全文,data_structure.txt,0.804,rule_pattern_sentence_level
顺序存储结构,is_a,插入,存储与组成相关实体,算法与操作实体,数组是一种顺序存储结构，其特点是支持随机访问，但插入和删除操作效率较低,上下位关系,全文,data_structure.txt,0.802,rule_pattern_sentence_level
FIFO,used_for,任务调度,性质与规则实体,应用场景实体,队列是一种先进先出（FIFO）的数据结构，常用于任务调度和缓冲区管理,用途关系,全文,data_structure.txt,0.8,rule_pattern_sentence_level
LIFO,used_for,函数调用,性质与规则实体,应用场景实体,栈是一种后进先出（LIFO）的数据结构，常用于函数调用和表达式求值,用途关系,全文,data_structure.txt,0.8,rule_pattern_sentence_level
队列,is_a,数据结构,具体数据结构实体,领域实体,队列是一种先进先出（FIFO）的数据结构，常用于任务调度和缓冲区管理,上下位关系,全文,data_structure.txt,0.796,rule_pattern_sentence_level
最大堆,used_for,优先队列,具体数据结构实体,具体数据结构实体,堆是一种特殊的完全二叉树，分为最大堆和最小堆，常用于优先队列的实现,用途关系,全文,data_structure.txt,0.792,rule_pattern_sentence_level
最小堆,is_a,完全二叉树,具体数据结构实体,性质与规则实体,堆是一种特殊的完全二叉树，分为最大堆和最小堆，常用于优先队列的实现,上位包含关系,全文,data_structure.txt,0.788,rule_pattern_sentence_level
非线性结构,is_a,数据结构,结构分类实体,领域实体,常见的数据结构包括线性结构和非线性结构两大类,上位包含关系,全文,data_structure.txt,0.788,rule_pattern_sentence_level
优先队列,implemented_by,队列,具体数据结构实体,具体数据结构实体,例如，栈用于括号匹配问题，队列用于广度优先搜索，堆用于实现优先队列，图用于建模网络关系，哈希表用于缓存系统,实现关系,全文,data_structure.txt,0.786,rule_pattern_sentence_level
数组,is_a,随机访问,具体数据结构实体,算法与操作实体,数组是一种顺序存储结构，其特点是支持随机访问，但插入和删除操作效率较低,上下位关系,全文,data_structure.txt,0.784,rule_pattern_sentence_level
链表,is_a,数据域,具体数据结构实体,存储与组成相关实体,链表是一种链式存储结构，每个节点包含数据域和指针域，适合频繁插入和删除的场景,上下位关系,全文,data_structure.txt,0.784,rule_pattern_sentence_level
顺序存储结构,is_a,删除,存储与组成相关实体,算法与操作实体,数组是一种顺序存储结构，其特点是支持随机访问，但插入和删除操作效率较低,上下位关系,全文,data_structure.txt,0.784,rule_pattern_sentence_level
哈希函数,used_for,查找,存储与组成相关实体,算法与操作实体,哈希表是一种基于哈希函数的数据结构，用于实现高效的查找操作,用途关系,全文,data_structure.txt,0.782,rule_pattern_sentence_level
链地址法,is_a,哈希冲突,冲突处理方法实体,存储与组成相关实体,为了解决哈希冲突，常用的方法包括链地址法和开放寻址法,上位包含关系,全文,data_structure.txt,0.782,rule_pattern_sentence_level
完全二叉树,used_for,优先队列,性质与规则实体,具体数据结构实体,堆是一种特殊的完全二叉树，分为最大堆和最小堆，常用于优先队列的实现,用途关系,全文,data_structure.txt,0.776,rule_pattern_sentence_level
广度优先搜索,used_for,建模网络关系,算法与操作实体,应用场景实体,例如，栈用于括号匹配问题，队列用于广度优先搜索，堆用于实现优先队列，图用于建模网络关系，哈希表用于缓存系统,用途关系,全文,data_structure.txt,0.776,rule_pattern_sentence_level
优先队列,used_for,哈希表,具体数据结构实体,具体数据结构实体,例如，栈用于括号匹配问题，队列用于广度优先搜索，堆用于实现优先队列，图用于建模网络关系，哈希表用于缓存系统,用途关系,全文,data_structure.txt,0.774,rule_pattern_sentence_level
指针域,is_a,节点,存储与组成相关实体,存储与组成相关实体,链表是一种链式存储结构，每个节点包含数据域和指针域，适合频繁插入和删除的场景,上位包含关系,全文,data_structure.txt,0.774,rule_pattern_sentence_level
FIFO,used_for,缓冲区管理,性质与规则实体,应用场景实体,队列是一种先进先出（FIFO）的数据结构，常用于任务调度和缓冲区管理,用途关系,全文,data_structure.txt,0.77,rule_pattern_sentence_level
LIFO,used_for,表达式求值,性质与规则实体,应用场景实体,栈是一种后进先出（LIFO）的数据结构，常用于函数调用和表达式求值,用途关系,全文,data_structure.txt,0.77,rule_pattern_sentence_level
先进先出,used_for,任务调度,性质与规则实体,应用场景实体,队列是一种先进先出（FIFO）的数据结构，常用于任务调度和缓冲区管理,用途关系,全文,data_structure.txt,0.77,rule_pattern_sentence_level
后进先出,used_for,函数调用,性质与规则实体,应用场景实体,栈是一种后进先出（LIFO）的数据结构，常用于函数调用和表达式求值,用途关系,全文,data_structure.txt,0.77,rule_pattern_sentence_level
数据域,is_a,链式存储结构,存储与组成相关实体,存储与组成相关实体,链表是一种链式存储结构，每个节点包含数据域和指针域，适合频繁插入和删除的场景,上位包含关系,全文,data_structure.txt,0.768,rule_pattern_sentence_level
数据结构,has_part,非线性结构,领域实体,结构分类实体,常见的数据结构包括线性结构和非线性结构两大类,整体部分关系,全文,data_structure.txt,0.768,rule_pattern_sentence_level
优先队列,used_for,缓存系统,具体数据结构实体,应用场景实体,例如，栈用于括号匹配问题，队列用于广度优先搜索，堆用于实现优先队列，图用于建模网络关系，哈希表用于缓存系统,用途关系,全文,data_structure.txt,0.764,rule_pattern_sentence_level
一对一关系,has_part,数组,性质与规则实体,具体数据结构实体,线性结构是指数据元素之间存在一对一关系的结构，主要包括数组、链表、栈和队列,整体部分关系,全文,data_structure.txt,0.762,rule_pattern_sentence_level
哈希冲突,has_part,链地址法,存储与组成相关实体,冲突处理方法实体,为了解决哈希冲突，常用的方法包括链地址法和开放寻址法,整体部分关系,全文,data_structure.txt,0.762,rule_pattern_sentence_level
链表,is_a,指针域,具体数据结构实体,存储与组成相关实体,链表是一种链式存储结构，每个节点包含数据域和指针域，适合频繁插入和删除的场景,上下位关系,全文,data_structure.txt,0.76,rule_pattern_sentence_level
括号匹配问题,used_for,优先队列,应用场景实体,具体数据结构实体,例如，栈用于括号匹配问题，队列用于广度优先搜索，堆用于实现优先队列，图用于建模网络关系，哈希表用于缓存系统,用途关系,全文,data_structure.txt,0.758,rule_pattern_sentence_level
队列,used_for,优先队列,具体数据结构实体,具体数据结构实体,例如，栈用于括号匹配问题，队列用于广度优先搜索，堆用于实现优先队列，图用于建模网络关系，哈希表用于缓存系统,用途关系,全文,data_structure.txt,0.756,rule_pattern_sentence_level
节点,has_part,指针域,存储与组成相关实体,存储与组成相关实体,链表是一种链式存储结构，每个节点包含数据域和指针域，适合频繁插入和删除的场景,整体部分关系,全文,data_structure.txt,0.754,rule_pattern_sentence_level
开放寻址法,is_a,哈希冲突,冲突处理方法实体,存储与组成相关实体,为了解决哈希冲突，常用的方法包括链地址法和开放寻址法,上位包含关系,全文,data_structure.txt,0.752,rule_pattern_sentence_level
哈希表,is_a,查找,具体数据结构实体,算法与操作实体,哈希表是一种基于哈希函数的数据结构，用于实现高效的查找操作,上下位关系,全文,data_structure.txt,0.748,rule_pattern_sentence_level
数组,is_a,插入,具体数据结构实体,算法与操作实体,数组是一种顺序存储结构，其特点是支持随机访问，但插入和删除操作效率较低,上下位关系,全文,data_structure.txt,0.748,rule_pattern_sentence_level
链式存储结构,has_part,数据域,存储与组成相关实体,存储与组成相关实体,链表是一种链式存储结构，每个节点包含数据域和指针域，适合频繁插入和删除的场景,整体部分关系,全文,data_structure.txt,0.748,rule_pattern_sentence_level
队列,is_a,任务调度,具体数据结构实体,应用场景实体,队列是一种先进先出（FIFO）的数据结构，常用于任务调度和缓冲区管理,上下位关系,全文,data_structure.txt,0.748,rule_pattern_sentence_level
优先队列,is_a,完全二叉树,具体数据结构实体,性质与规则实体,堆是一种特殊的完全二叉树，分为最大堆和最小堆，常用于优先队列的实现,上位包含关系,全文,data_structure.txt,0.746,rule_pattern_sentence_level
插入,is_a,节点,算法与操作实体,存储与组成相关实体,链表是一种链式存储结构，每个节点包含数据域和指针域，适合频繁插入和删除的场景,上位包含关系,全文,data_structure.txt,0.746,rule_pattern_sentence_level
一对一关系,has_part,链表,性质与规则实体,具体数据结构实体,线性结构是指数据元素之间存在一对一关系的结构，主要包括数组、链表、栈和队列,整体部分关系,全文,data_structure.txt,0.744,rule_pattern_sentence_level
指针域,is_a,链式存储结构,存储与组成相关实体,存储与组成相关实体,链表是一种链式存储结构，每个节点包含数据域和指针域，适合频繁插入和删除的场景,上位包含关系,全文,data_structure.txt,0.744,rule_pattern_sentence_level
线性结构,is_a,数组,结构分类实体,具体数据结构实体,线性结构是指数据元素之间存在一对一关系的结构，主要包括数组、链表、栈和队列,上下位关系,全文,data_structure.txt,0.742,rule_pattern_sentence_level
先进先出,used_for,缓冲区管理,性质与规则实体,应用场景实体,队列是一种先进先出（FIFO）的数据结构，常用于任务调度和缓冲区管理,用途关系,全文,data_structure.txt,0.74,rule_pattern_sentence_level
后进先出,used_for,表达式求值,性质与规则实体,应用场景实体,栈是一种后进先出（LIFO）的数据结构，常用于函数调用和表达式求值,用途关系,全文,data_structure.txt,0.74,rule_pattern_sentence_level
哈希表,depends_on,查找,具体数据结构实体,算法与操作实体,哈希表是一种基于哈希函数的数据结构，用于实现高效的查找操作,依赖关系,全文,data_structure.txt,0.738,rule_pattern_sentence_level
广度优先搜索,used_for,哈希表,算法与操作实体,具体数据结构实体,例如，栈用于括号匹配问题，队列用于广度优先搜索，堆用于实现优先队列，图用于建模网络关系，哈希表用于缓存系统,用途关系,全文,data_structure.txt,0.734,rule_pattern_sentence_level
数据域,is_a,链表,存储与组成相关实体,具体数据结构实体,链表是一种链式存储结构，每个节点包含数据域和指针域，适合频繁插入和删除的场景,上位包含关系,全文,data_structure.txt,0.734,rule_pattern_sentence_level
哈希冲突,has_part,开放寻址法,存储与组成相关实体,冲突处理方法实体,为了解决哈希冲突，常用的方法包括链地址法和开放寻址法,整体部分关系,全文,data_structure.txt,0.732,rule_pattern_sentence_level
数组,is_a,删除,具体数据结构实体,算法与操作实体,数组是一种顺序存储结构，其特点是支持随机访问，但插入和删除操作效率较低,上下位关系,全文,data_structure.txt,0.73,rule_pattern_sentence_level
删除,is_a,节点,算法与操作实体,存储与组成相关实体,链表是一种链式存储结构，每个节点包含数据域和指针域，适合频繁插入和删除的场景,上位包含关系,全文,data_structure.txt,0.728,rule_pattern_sentence_level
哈希表,used_for,查找,具体数据结构实体,算法与操作实体,哈希表是一种基于哈希函数的数据结构，用于实现高效的查找操作,用途关系,全文,data_structure.txt,0.728,rule_pattern_sentence_level
概率型数据结构,is_a,误判率,性质与规则实体,性质与规则实体,布隆过滤器是一种空间效率较高的概率型数据结构，用于判断元素是否存在于集合中，但存在一定的误判率,上下位关系,全文,data_structure.txt,0.728,rule_pattern_sentence_level
队列,used_for,任务调度,具体数据结构实体,应用场景实体,队列是一种先进先出（FIFO）的数据结构，常用于任务调度和缓冲区管理,用途关系,全文,data_structure.txt,0.728,rule_pattern_sentence_level
队列,used_for,建模网络关系,具体数据结构实体,应用场景实体,例如，栈用于括号匹配问题，队列用于广度优先搜索，堆用于实现优先队列，图用于建模网络关系，哈希表用于缓存系统,用途关系,全文,data_structure.txt,0.728,rule_pattern_sentence_level
节点,has_part,插入,存储与组成相关实体,算法与操作实体,链表是一种链式存储结构，每个节点包含数据域和指针域，适合频繁插入和删除的场景,整体部分关系,全文,data_structure.txt,0.726,rule_pattern_sentence_level
线性结构,is_a,链表,结构分类实体,具体数据结构实体,线性结构是指数据元素之间存在一对一关系的结构，主要包括数组、链表、栈和队列,上下位关系,全文,data_structure.txt,0.724,rule_pattern_sentence_level
链式存储结构,has_part,指针域,存储与组成相关实体,存储与组成相关实体,链表是一种链式存储结构，每个节点包含数据域和指针域，适合频繁插入和删除的场景,整体部分关系,全文,data_structure.txt,0.724,rule_pattern_sentence_level
队列,is_a,缓冲区管理,具体数据结构实体,应用场景实体,队列是一种先进先出（FIFO）的数据结构，常用于任务调度和缓冲区管理,上下位关系,全文,data_structure.txt,0.718,rule_pattern_sentence_level
插入,is_a,链式存储结构,算法与操作实体,存储与组成相关实体,链表是一种链式存储结构，每个节点包含数据域和指针域，适合频繁插入和删除的场景,上位包含关系,全文,data_structure.txt,0.716,rule_pattern_sentence_level
一对一关系,has_part,队列,性质与规则实体,具体数据结构实体,线性结构是指数据元素之间存在一对一关系的结构，主要包括数组、链表、栈和队列,整体部分关系,全文,data_structure.txt,0.714,rule_pattern_sentence_level
链表,has_part,数据域,具体数据结构实体,存储与组成相关实体,链表是一种链式存储结构，每个节点包含数据域和指针域，适合频繁插入和删除的场景,整体部分关系,全文,data_structure.txt,0.714,rule_pattern_sentence_level
链表,is_a,插入,具体数据结构实体,算法与操作实体,链表是一种链式存储结构，每个节点包含数据域和指针域，适合频繁插入和删除的场景,上下位关系,全文,data_structure.txt,0.712,rule_pattern_sentence_level
指针域,is_a,链表,存储与组成相关实体,具体数据结构实体,链表是一种链式存储结构，每个节点包含数据域和指针域，适合频繁插入和删除的场景,上位包含关系,全文,data_structure.txt,0.71,rule_pattern_sentence_level
概率型数据结构,used_for,误判率,性质与规则实体,性质与规则实体,布隆过滤器是一种空间效率较高的概率型数据结构，用于判断元素是否存在于集合中，但存在一定的误判率,用途关系,全文,data_structure.txt,0.708,rule_pattern_sentence_level
节点,has_part,删除,存储与组成相关实体,算法与操作实体,链表是一种链式存储结构，每个节点包含数据域和指针域，适合频繁插入和删除的场景,整体部分关系,全文,data_structure.txt,0.708,rule_pattern_sentence_level
广度优先搜索,used_for,缓存系统,算法与操作实体,应用场景实体,例如，栈用于括号匹配问题，队列用于广度优先搜索，堆用于实现优先队列，图用于建模网络关系，哈希表用于缓存系统,用途关系,全文,data_structure.txt,0.704,rule_pattern_sentence_level
删除,is_a,链式存储结构,算法与操作实体,存储与组成相关实体,链表是一种链式存储结构，每个节点包含数据域和指针域，适合频繁插入和删除的场景,上位包含关系,全文,data_structure.txt,0.698,rule_pattern_sentence_level
队列,used_for,缓冲区管理,具体数据结构实体,应用场景实体,队列是一种先进先出（FIFO）的数据结构，常用于任务调度和缓冲区管理,用途关系,全文,data_structure.txt,0.698,rule_pattern_sentence_level
哈希表,implemented_by,队列,具体数据结构实体,具体数据结构实体,例如，栈用于括号匹配问题，队列用于广度优先搜索，堆用于实现优先队列，图用于建模网络关系，哈希表用于缓存系统,实现关系,全文,data_structure.txt,0.696,rule_pattern_sentence_level
链式存储结构,has_part,插入,存储与组成相关实体,算法与操作实体,链表是一种链式存储结构，每个节点包含数据域和指针域，适合频繁插入和删除的场景,整体部分关系,全文,data_structure.txt,0.696,rule_pattern_sentence_level
线性结构,is_a,队列,结构分类实体,具体数据结构实体,线性结构是指数据元素之间存在一对一关系的结构，主要包括数组、链表、栈和队列,上下位关系,全文,data_structure.txt,0.694,rule_pattern_sentence_level
链表,is_a,删除,具体数据结构实体,算法与操作实体,链表是一种链式存储结构，每个节点包含数据域和指针域，适合频繁插入和删除的场景,上下位关系,全文,data_structure.txt,0.694,rule_pattern_sentence_level
数组,is_a,线性结构,具体数据结构实体,结构分类实体,线性结构是指数据元素之间存在一对一关系的结构，主要包括数组、链表、栈和队列,上位包含关系,全文,data_structure.txt,0.692,rule_pattern_sentence_level
括号匹配问题,used_for,建模网络关系,应用场景实体,应用场景实体,例如，栈用于括号匹配问题，队列用于广度优先搜索，堆用于实现优先队列，图用于建模网络关系，哈希表用于缓存系统,用途关系,全文,data_structure.txt,0.69,rule_pattern_sentence_level
链表,has_part,指针域,具体数据结构实体,存储与组成相关实体,链表是一种链式存储结构，每个节点包含数据域和指针域，适合频繁插入和删除的场景,整体部分关系,全文,data_structure.txt,0.69,rule_pattern_sentence_level
空间效率较高,is_a,误判率,性质与规则实体,性质与规则实体,布隆过滤器是一种空间效率较高的概率型数据结构，用于判断元素是否存在于集合中，但存在一定的误判率,上下位关系,全文,data_structure.txt,0.68,rule_pattern_sentence_level
链式存储结构,has_part,删除,存储与组成相关实体,算法与操作实体,链表是一种链式存储结构，每个节点包含数据域和指针域，适合频繁插入和删除的场景,整体部分关系,全文,data_structure.txt,0.678,rule_pattern_sentence_level
链表,is_a,线性结构,具体数据结构实体,结构分类实体,线性结构是指数据元素之间存在一对一关系的结构，主要包括数组、链表、栈和队列,上位包含关系,全文,data_structure.txt,0.674,rule_pattern_sentence_level
线性结构,has_part,数组,结构分类实体,具体数据结构实体,线性结构是指数据元素之间存在一对一关系的结构，主要包括数组、链表、栈和队列,整体部分关系,全文,data_structure.txt,0.672,rule_pattern_sentence_level
缓存系统,implemented_by,括号匹配问题,应用场景实体,应用场景实体,例如，栈用于括号匹配问题，队列用于广度优先搜索，堆用于实现优先队列，图用于建模网络关系，哈希表用于缓存系统,实现关系,全文,data_structure.txt,0.67,rule_pattern_sentence_level
括号匹配问题,used_for,哈希表,应用场景实体,具体数据结构实体,例如，栈用于括号匹配问题，队列用于广度优先搜索，堆用于实现优先队列，图用于建模网络关系，哈希表用于缓存系统,用途关系,全文,data_structure.txt,0.668,rule_pattern_sentence_level
队列,used_for,哈希表,具体数据结构实体,具体数据结构实体,例如，栈用于括号匹配问题，队列用于广度优先搜索，堆用于实现优先队列，图用于建模网络关系，哈希表用于缓存系统,用途关系,全文,data_structure.txt,0.666,rule_pattern_sentence_level
插入,is_a,链表,算法与操作实体,具体数据结构实体,链表是一种链式存储结构，每个节点包含数据域和指针域，适合频繁插入和删除的场景,上位包含关系,全文,data_structure.txt,0.662,rule_pattern_sentence_level
布隆过滤器,used_for,误判率,具体数据结构实体,性质与规则实体,布隆过滤器是一种空间效率较高的概率型数据结构，用于判断元素是否存在于集合中，但存在一定的误判率,用途关系,全文,data_structure.txt,0.66,rule_pattern_sentence_level
空间效率较高,used_for,误判率,性质与规则实体,性质与规则实体,布隆过滤器是一种空间效率较高的概率型数据结构，用于判断元素是否存在于集合中，但存在一定的误判率,用途关系,全文,data_structure.txt,0.66,rule_pattern_sentence_level
队列,used_for,缓存系统,具体数据结构实体,应用场景实体,例如，栈用于括号匹配问题，队列用于广度优先搜索，堆用于实现优先队列，图用于建模网络关系，哈希表用于缓存系统,用途关系,全文,data_structure.txt,0.66,rule_pattern_sentence_level
线性结构,has_part,链表,结构分类实体,具体数据结构实体,线性结构是指数据元素之间存在一对一关系的结构，主要包括数组、链表、栈和队列,整体部分关系,全文,data_structure.txt,0.654,rule_pattern_sentence_level
删除,is_a,链表,算法与操作实体,具体数据结构实体,链表是一种链式存储结构，每个节点包含数据域和指针域，适合频繁插入和删除的场景,上位包含关系,全文,data_structure.txt,0.644,rule_pattern_sentence_level
队列,is_a,线性结构,具体数据结构实体,结构分类实体,线性结构是指数据元素之间存在一对一关系的结构，主要包括数组、链表、栈和队列,上位包含关系,全文,data_structure.txt,0.644,rule_pattern_sentence_level
链表,has_part,插入,具体数据结构实体,算法与操作实体,链表是一种链式存储结构，每个节点包含数据域和指针域，适合频繁插入和删除的场景,整体部分关系,全文,data_structure.txt,0.642,rule_pattern_sentence_level
括号匹配问题,used_for,缓存系统,应用场景实体,应用场景实体,例如，栈用于括号匹配问题，队列用于广度优先搜索，堆用于实现优先队列，图用于建模网络关系，哈希表用于缓存系统,用途关系,全文,data_structure.txt,0.64,rule_pattern_sentence_level
线性结构,has_part,队列,结构分类实体,具体数据结构实体,线性结构是指数据元素之间存在一对一关系的结构，主要包括数组、链表、栈和队列,整体部分关系,全文,data_structure.txt,0.624,rule_pattern_sentence_level
链表,has_part,删除,具体数据结构实体,算法与操作实体,链表是一种链式存储结构，每个节点包含数据域和指针域，适合频繁插入和删除的场景,整体部分关系,全文,data_structure.txt,0.624,rule_pattern_sentence_level
